Workbook

Sheet Instrucciones
A1: Control de Inventario y Mermas — Lady Madrid
A3: Qué es este documento
A4: Convierte el recuento de inventario mensual en una herramienta de decisión: compara lo que debería haberse consumido (según los escandallos reales de cocina y obrador) contra lo que de verdad ha desaparecido del stock, para detectar mermas, ajustar pedidos y vigilar producto de baja rotación. Conecta con la sección 2.c (Estándares de calidad) del documento de Estrategia y Modelo Operativo.
A6: De dónde sale el dato
A7: La pestaña 'Escandallos' es una extracción directa de Escandallos_LadyMadrid.xlsx (las pestañas DISHES_TOSTADAS, DISHES_DULCES, DISHES_BRIOCHE, DISHES_TARDES, BEBIDAS_CAFÉ y _OBRADOR_ESCANDALLOS) — no son datos inventados ni del F&B Bible, son el archivo de costes real que ya usa cocina. Incluye el obrador (briochería y tartas), no solo café.
A9: El proceso, de principio a fin
A10: 1. El encargado/a hace el recuento físico mensual en una hoja aparte (papel o checklist). 2. El encargado/a traslada ese recuento a este Excel, pestaña 'Inventario', columna 'Inventario mes final (recuento real)'. 3. Propiedad analiza los datos cada mes: la pestaña 'Inventario' ya calcula sola la variación entre lo que debería haber (según ventas reales) y lo que de verdad queda en stock — Propiedad solo tiene que mirar la columna 'Revisar'.
A12: Pestaña 'Ventas del mes'
A13: Rellenar las unidades vendidas de cada plato/producto del mes (dato del TPV). Un plato puede aparecer más de una vez si existe en más de una carta (p. ej. 'PISTO Y YEMA CURADA' en desayunos y en tardes) — son líneas distintas a propósito, no hay que fusionarlas.
A15: Pestaña 'Escandallos'
A16: 323 líneas de ingrediente, una por cada producto de Escandallos_LadyMadrid.xlsx. No tocar salvo que cambie una receta o se dé de alta un plato nuevo — en ese caso, añadirlo aquí Y en 'Ventas del mes' con el mismo nombre y categoría exactos. (más 7 líneas de BEBIDAS_OTRAS añadidas el 2026-10-20, ver nota al final de esta pestaña).
A18: Pestaña 'Inventario'
... A32: Las líneas de BEBIDAS_OTRAS y del bloque CONSUMIBLES son EJEMPLOS de referencia (formato de hostelería estándar), no el listado real de Lady Madrid — hay que sustituirlas por la carta real de bebidas y el listado real de consumibles del local antes de usar esta plantilla en producción. Pendiente: pedir a Andrea/cocina el listado real.

Sheet Ventas del mes
A1: Ventas del mes — unidades vendidas
A3: Categoría | B3: Plato / Producto | C3: Unidades vendidas (mes) | D3: Notas
A4: DISHES_TOSTADAS | B4: TOSTADA DE JAMÓN IBÉRICO | C4: 0
A5: DISHES_TOSTADAS | B5: TOSTADA DE AGUACATE | C5: 0
A6: DISHES_TOSTADAS | B6: TOMATE, AOVE, SAL | C6: 0
A7: DISHES_TOSTADAS | B7: MANTEQUILLA BATIDA Y MERMELADA | C7: 0
A8: DISHES_TOSTADAS | B8: SALMÓN AHUMADO | C8: 0
A9: DISHES_TOSTADAS | B9: TOMATE ASADO Y ANCHOA | C9: 0
A10: DISHES_TOSTADAS | B10: PISTO Y YEMA CURADA | C10: 0
A11: DISHES_TOSTADAS | B11: PISTO Y YEMA CURADA CON HUEVO POCHADO | C11: 0
A12: DISHES_TOSTADAS | B12: "COCIDO" | C12: 0
A13: DISHES_TOSTADAS | B13: DE LECHE MERENGADA | C13: 0
A14: DISHES_TOSTADAS | B14: TOSTADA DE JAMÓN IBÉRICO con huevo | C14: 0
A15: DISHES_TOSTADAS | B15: TOMATE, AOVE, SAL CON HUEVO | C15: 0
... A65: _OBRADOR_ESCANDALLOS | B65: TARTA DE QUESO LADY MADRID 4-450 SIN BASE | C65: 0
A66: BEBIDAS_OTRAS | B66: AGUA CON GAS | C66: 0 | D66: EJEMPLO — sustituir por la carta real de bebidas de Lady Madrid (confirmar con cocina/sala)
A67: BEBIDAS_OTRAS | B67: AGUA SIN GAS | C67: 0 | D67: EJEMPLO — sustituir por la carta real de bebidas de Lady Madrid (confirmar con cocina/sala)
A68: BEBIDAS_OTRAS | B68: REFRESCO DE COLA | C68: 0 | D68: EJEMPLO — sustituir por la carta real de bebidas de Lady Madrid (confirmar con cocina/sala)
A69: BEBIDAS_OTRAS | B69: REFRESCO DE COLA ZERO | C69: 0 | D69: EJEMPLO — sustituir por la carta real de bebidas de Lady Madrid (confirmar con cocina/sala)
A70: BEBIDAS_OTRAS | B70: ZUMO DE NARANJA NATURAL | C70: 0 | D70: EJEMPLO — sustituir por la carta real de bebidas de Lady Madrid (confirmar con cocina/sala)
A71: BEBIDAS_OTRAS | B71: CERVEZA BOTELLÍN | C71: 0 | D71: EJEMPLO — sustituir por la carta real de bebidas de Lady Madrid (confirmar con cocina/sala)
A72: BEBIDAS_OTRAS | B72: COPA DE VINO | C72: 0 | D72: EJEMPLO — sustituir por la carta real de bebidas de Lady Madrid (confirmar con cocina/sala)

Sheet Escandallos
A1: Escandallos — extracción real de Escandallos_LadyMadrid.xlsx
A3: Categoría | B3: Plato / Producto | C3: Ingrediente | D3: Cantidad por unidad | E3: Unidad | F3: Unidades vendidas (mes) | G3: Consumo total del mes
A4: DISHES_TOSTADAS | B4: TOSTADA DE JAMÓN IBÉRICO | C4: Pan de masa madre | D4: 1 | E4: KG | F4: =IFERROR(SUMPRODUCT(('Ventas del mes'!$A$4:$A$72=A4)*('Ventas del mes'!$B$4:$B$72=B4)*'Ventas del mes'!$C$4:$C$72),0) | G4: =D4*F4
A5: DISHES_TOSTADAS | B5: TOSTADA DE JAMÓN IBÉRICO | C5: Aguacate laminado | D5: 0.065 | E5: KG | F5: =IFERROR(SUMPRODUCT(('Ventas del mes'!$A$4:$A$72=A5)*('Ventas del mes'!$B$4:$B$72=B5)*'Ventas del mes'!$C$4:$C$72),0) | G5: =D5*F5
A6: DISHES_TOSTADAS | B6: TOSTADA DE JAMÓN IBÉRICO | C6: Jamón ibérico | D6: 0.025 | E6: KG | F6: =IFERROR(SUMPRODUCT(('Ventas del mes'!$A$4:$A$72=A6)*('Ventas del mes'!$B$4:$B$72=B6)*'Ventas del mes'!$C$4:$C$72),0) | G6: =D6*F6
A7: DISHES_TOSTADAS | B7: TOSTADA DE JAMÓN IBÉRICO | C7: Mix de semillas | D7: 0.003 | E7: KG | F7: =IFERROR(SUMPRODUCT(('Ventas del mes'!$A$4:$A$72=A7)*('Ventas del mes'!$B$4:$B$72=B7)*'Ventas del mes'!$C$4:$C$72),0) | G7: =D7*F7
A8: DISHES_TOSTADAS | B8: TOSTADA DE JAMÓN IBÉRICO | C8: Germinados | D8: 0.002 | E8: KG | F8: =IFERROR(SUMPRODUCT(('Ventas del mes'!$A$4:$A$72=A8)*('Ventas del mes'!$B$4:$B$72=B8)*'Ventas del mes'!$C$4:$C$72),0) | G8: =D8*F8
A9: DISHES_TOSTADAS | B9: TOSTADA DE JAMÓN IBÉRICO | C9: AOVE | D9: 0.005 | E9: KG | F9: =IFERROR(SUMPRODUCT(('Ventas del mes'!$A$4:$A$72=A9)*('Ventas del mes'!$B$4:$B$72=B9)*'Ventas del mes'!$C$4:$C$72),0) | G9: =D9*F9
A10: DISHES_TOSTADAS | B10: TOSTADA DE JAMÓN IBÉRICO | C10: Escamas de sal | D10: 0.001 | E10: KG | F10: =IFERROR(SUMPRODUCT(('Ventas del mes'!$A$4:$A$72=A10)*('Ventas del mes'!$B$4:$B$72=B10)*'Ventas del mes'!$C$4:$C$72),0) | G10: =D10*F10
A11: DISHES_TOSTADAS | B11: TOSTADA DE JAMÓN IBÉRICO | C11: Tomate | D11: 0.01 | E11: KG | F11: =IFERROR(SUMPRODUCT(('Ventas del mes'!$A$4:$A$72=A11)*('Ventas del mes'!$B$4:$B$72=B11)*'Ventas del mes'!$C$4:$C$72),0) | G11: =D11*F11
A12: DISHES_TOSTADAS | B12: TOSTADA DE JAMÓN IBÉRICO | C12: Huevo pochado (opcional) | D12: 1 | E12: UD | F12: =IFERROR(SUMPRODUCT(('Ventas del mes'!$A$4:$A$72=A12)*('Ventas del mes'!$B$4:$B$72=B12)*'Ventas del mes'!$C$4:$C$72),0) | G12: =D12*F12
A13: DISHES_TOSTADAS | B13: TOSTADA DE AGUACATE | C13: Pan de masa madre | D13: 0.09 | E13: KG | F13: =IFERROR(SUMPRODUCT(('Ventas del mes'!$A$4:$A$72=A13)*('Ventas del mes'!$B$4:$B$72=B13)*'Ventas del mes'!$C$4:$C$72),0) | G13: =D13*F13
A14: DISHES_TOSTADAS | B14: TOSTADA DE AGUACATE | C14: Aguacate laminado | D14: 0.07 | E14: KG | F14: =IFERROR(SUMPRODUCT(('Ventas del mes'!$A$4:$A$72=A14)*('Ventas del mes'!$B$4:$B$72=B14)*'Ventas del mes'!$C$4:$C$72),0) | G14: =D14*F14
A15: DISHES_TOSTADAS | B15: TOSTADA DE AGUACATE | C15: Rabanos laminados | D15: 0.001 | E15: KG | F15: =IFERROR(SUMPRODUCT(('Ventas del mes'!$A$4:$A$72=A15)*('Ventas del mes'!$B$4:$B$72=B15)*'Ventas del mes'!$C$4:$C$72),0) | G15: =D15*F15
... A331: BEBIDAS_OTRAS | B331: COPA DE VINO | C331: COPA DE VINO | D331: 1 | E331: UD | F331: =IFERROR(SUMPRODUCT(('Ventas del mes'!$A$4:$A$72=A331)*('Ventas del mes'!$B$4:$B$72=B331)*'Ventas del mes'!$C$4:$C$72),0) | G331: =D331*F331

Sheet Inventario
A1: Inventario mensual — análisis de variación
A2: Umbral de alerta de variación (%) | B2: 0.1
A4: Ingrediente | B4: Unidad | C4: Inventario mes anterior | D4: Compras del mes | E4: Ventas (consumo teórico) | F4: Inventario teórico esperado | G4: Inventario mes final (recuento real) | H4: Variación | I4: % Variación | J4: Revisar
A5: Pan de masa madre | B5: KG | C5: 0 | D5: 0 | E5: =SUMIF(Escandallos!$C$4:$C$324,A5,Escandallos!$G$4:$G$324) | F5: =C5+D5-E5 | G5: 0 | H5: =G5-F5 | I5: =IFERROR(H5/F5,0) | J5: =IF(ABS(I5)>$B$2,"Revisar","")
A6: Aguacate laminado | B6: KG | C6: 0 | D6: 0 | E6: =SUMIF(Escandallos!$C$4:$C$324,A6,Escandallos!$G$4:$G$324) | F6: =C6+D6-E6 | G6: 0 | H6: =G6-F6 | I6: =IFERROR(H6/F6,0) | J6: =IF(ABS(I6)>$B$2,"Revisar","")
A7: Jamón ibérico | B7: KG | C7: 0 | D7: 0 | E7: =SUMIF(Escandallos!$C$4:$C$324,A7,Escandallos!$G$4:$G$324) | F7: =C7+D7-E7 | G7: 0 | H7: =G7-F7 | I7: =IFERROR(H7/F7,0) | J7: =IF(ABS(I7)>$B$2,"Revisar","")
A8: Mix de semillas | B8: KG | C8: 0 | D8: 0 | E8: =SUMIF(Escandallos!$C$4:$C$324,A8,Escandallos!$G$4:$G$324) | F8: =C8+D8-E8 | G8: 0 | H8: =G8-F8 | I8: =IFERROR(H8/F8,0) | J8: =IF(ABS(I8)>$B$2,"Revisar","")
A9: Germinados | B9: KG | C9: 0 | D9: 0 | E9: =SUMIF(Escandallos!$C$4:$C$324,A9,Escandallos!$G$4:$G$324) | F9: =C9+D9-E9 | G9: 0 | H9: =G9-F9 | I9: =IFERROR(H9/F9,0) | J9: =IF(ABS(I9)>$B$2,"Revisar","")
A10: AOVE | B10: KG | C10: 0 | D10: 0 | E10: =SUMIF(Escandallos!$C$4:$C$324,A10,Escandallos!$G$4:$G$324) | F10: =C10+D10-E10 | G10: 0 | H10: =G10-F10 | I10: =IFERROR(H10/F10,0) | J10: =IF(ABS(I10)>$B$2,"Revisar","")
A11: Escamas de sal | B11: KG | C11: 0 | D11: 0 | E11: =SUMIF(Escandallos!$C$4:$C$324,A11,Escandallos!$G$4:$G$324) | F11: =C11+D11-E11 | G11: 0 | H11: =G11-F11 | I11: =IFERROR(H11/F11,0) | J11: =IF(ABS(I11)>$B$2,"Revisar","")
A12: Tomate | B12: KG | C12: 0 | D12: 0 | E12: =SUMIF(Escandallos!$C$4:$C$324,A12,Escandallos!$G$4:$G$324) | F12: =C12+D12-E12 | G12: 0 | H12: =G12-F12 | I12: =IFERROR(H12/F12,0) | J12: =IF(ABS(I12)>$B$2,"Revisar","")
A13: Huevo pochado (opcional) | B13: UD | C13: 0 | D13: 0 | E13: =SUMIF(Escandallos!$C$4:$C$324,A13,Escandallos!$G$4:$G$324) | F13: =C13+D13-E13 | G13: 0 | H13: =G13-F13 | I13: =IFERROR(H13/F13,0) | J13: =IF(ABS(I13)>$B$2,"Revisar","")
A14: Rabanos laminados | B14: KG | C14: 0 | D14: 0 | E14: =SUMIF(Escandallos!$C$4:$C$324,A14,Escandallos!$G$4:$G$324) | F14: =C14+D14-E14 | G14: 0 | H14: =G14-F14 | I14: =IFERROR(H14/F14,0) | J14: =IF(ABS(I14)>$B$2,"Revisar","")
A15: Huevo pochado | B15: UD | C15: 0 | D15: 0 | E15: =SUMIF(Escandallos!$C$4:$C$324,A15,Escandallos!$G$4:$G$324) | F15: =C15+D15-E15 | G15: 0 | H15: =G15-F15 | I15: =IFERROR(H15/F15,0) | J15: =IF(ABS(I15)>$B$2,"Revisar","")
A16: Chili flakes | B16: KG | C16: 0 | D16: 0 | E16: =SUMIF(Escandallos!$C$4:$C$324,A16,Escandallos!$G$4:$G$324) | F16: =C16+D16-E16 | G16: 0 | H16: =G16-F16 | I16: =IFERROR(H16/F16,0) | J16: =IF(ABS(I16)>$B$2,"Revisar","")
... A170: ALMENDRAS LAMINADAS | B170: KG | C170: 0 | D170: 0 | E170: =SUMIF(Escandallos!$C$4:$C$324,A170,Escandallos!$G$4:$G$324) | F170: =C170+D170-E170 | G170: 0 | H170: =G170-F170 | I170: =IFERROR(H170/F170,0) | J170: =IF(ABS(I170)>$B$2,"Revisar","")
A171: AGUA CON GAS | B171: UD | C171: 0 | D171: 0 | E171: =SUMIF(Escandallos!$C$4:$C$331,A171,Escandallos!$G$4:$G$331) | F171: =C171+D171-E171 | G171: 0 | H171: =G171-F171 | I171: =IFERROR(H171/F171,0) | J171: =IF(ABS(I171)>$B$2,"Revisar","")
A172: AGUA SIN GAS | B172: UD | C172: 0 | D172: 0 | E172: =SUMIF(Escandallos!$C$4:$C$331,A172,Escandallos!$G$4:$G$331) | F172: =C172+D172-E172 | G172: 0 | H172: =G172-F172 | I172: =IFERROR(H172/F172,0) | J172: =IF(ABS(I172)>$B$2,"Revisar","")
A173: REFRESCO DE COLA | B173: UD | C173: 0 | D173: 0 | E173: =SUMIF(Escandallos!$C$4:$C$331,A173,Escandallos!$G$4:$G$331) | F173: =C173+D173-E173 | G173: 0 | H173: =G173-F173 | I173: =IFERROR(H173/F173,0) | J173: =IF(ABS(I173)>$B$2,"Revisar","")
A174: REFRESCO DE COLA ZERO | B174: UD | C174: 0 | D174: 0 | E174: =SUMIF(Escandallos!$C$4:$C$331,A174,Escandallos!$G$4:$G$331) | F174: =C174+D174-E174 | G174: 0 | H174: =G174-F174 | I174: =IFERROR(H174/F174,0) | J174: =IF(ABS(I174)>$B$2,"Revisar","")
A175: ZUMO DE NARANJA NATURAL | B175: UD | C175: 0 | D175: 0 | E175: =SUMIF(Escandallos!$C$4:$C$331,A175,Escandallos!$G$4:$G$331) | F175: =C175+D175-E175 | G175: 0 | H175: =G175-F175 | I175: =IFERROR(H175/F175,0) | J175: =IF(ABS(I175)>$B$2,"Revisar","")
A176: CERVEZA BOTELLÍN | B176: UD | C176: 0 | D176: 0 | E176: =SUMIF(Escandallos!$C$4:$C$331,A176,Escandallos!$G$4:$G$331) | F176: =C176+D176-E176 | G176: 0 | H176: =G176-F176 | I176: =IFERROR(H176/F176,0) | J176: =IF(ABS(I176)>$B$2,"Revisar","")
A177: COPA DE VINO | B177: UD | C177: 0 | D177: 0 | E177: =SUMIF(Escandallos!$C$4:$C$331,A177,Escandallos!$G$4:$G$331) | F177: =C177+D177-E177 | G177: 0 | H177: =G177-F177 | I177: =IFERROR(H177/F177,0) | J177: =IF(ABS(I177)>$B$2,"Revisar","")
A179: Total | C179: =SUM(C5:C177) | D179: =SUM(D5:D177) | E179: =SUM(E5:E177) | F179: =SUM(F5:F177) | G179: =SUM(G5:G177) | H179: =SUM(H5:H177) | J179: =COUNTIF(J5:J177,"Revisar")&" ingrediente(s) a revisar"
A181: CONSUMIBLES — seguimiento directo por compras y recuento (limpieza, papel, envases; no vinculado a ventas)
A182: Producto | B182: Unidad | C182: Stock mes anterior | D182: Compras del mes | E182: Stock final (recuento real) | F182: Consumo real del mes | G182: Revisar
A183: Servilletas de papel | B183: PAQ | C183: 0 | D183: 0 | E183: 0 | F183: =C183+D183-E183 | G183: =IF(F183<0,"Revisar (recuento negativo)","") | H183: EJEMPLO — sustituir por el listado real de consumibles de Lady Madrid (confirmar con cocina/sala)
A184: Papel de horno | B184: UD | C184: 0 | D184: 0 | E184: 0 | F184: =C184+D184-E184 | G184: =IF(F184<0,"Revisar (recuento negativo)","")
A185: Film transparente | B185: UD | C185: 0 | D185: 0 | E185: 0 | F185: =C185+D185-E185 | G185: =IF(F185<0,"Revisar (recuento negativo)","")
A186: Bolsas de basura | B186: UD | C186: 0 | D186: 0 | E186: 0 | F186: =C186+D186-E186 | G186: =IF(F186<0,"Revisar (recuento negativo)","")
A187: Guantes de nitrilo | B187: CAJA | C187: 0 | D187: 0 | E187: 0 | F187: =C187+D187-E187 | G187: =IF(F187<0,"Revisar (recuento negativo)","")
A188: Detergente lavavajillas | B188: UD | C188: 0 | D188: 0 | E188: 0 | F188: =C188+D188-E188 | G188: =IF(F188<0,"Revisar (recuento negativo)","")
A189: Envases take away | B189: UD | C189: 0 | D189: 0 | E189: 0 | F189: =C189+D189-E189 | G189: =IF(F189<0,"Revisar (recuento negativo)","")
A190: Vasos y tapas para llevar | B190: UD | C190: 0 | D190: 0 | E190: 0 | F190: =C190+D190-E190 | G190: =IF(F190<0,"Revisar (recuento negativo)","")
